<?xml version="1.0" encoding="UTF-8"?>
<project-private xmlns="http://www.netbeans.org/ns/project-private/1">
    <editor-bookmarks xmlns="http://www.netbeans.org/ns/editor-bookmarks/2" lastBookmarkId="0"/>
    <open-files xmlns="http://www.netbeans.org/ns/projectui-open-files/2">
        <group>
            <file>file:/C:/ORT/Semestre%203/Algoritmos/Obl-AED-ago25/src/dominio/Estacion.java</file>
            <file>file:/C:/ORT/Semestre%203/Algoritmos/Obl-AED-ago25/src/tads/NodoLista.java</file>
            <file>file:/C:/ORT/Semestre%203/Algoritmos/Obl-AED-ago25/src/tads/ListaNodos.java</file>
            <file>file:/C:/ORT/Semestre%203/Algoritmos/Obl-AED-ago25/src/sistemaAutogestion/Sistema.java</file>
            <file>file:/C:/ORT/Semestre%203/Algoritmos/Obl-AED-ago25/src/sistemaAutogestion/IObligatorio.java</file>
            <file>file:/C:/ORT/Semestre%203/Algoritmos/Obl-AED-ago25/src/sistemaAutogestion/Retorno.java</file>
            <file>file:/C:/ORT/Semestre%203/Algoritmos/Obl-AED-ago25/src/dominio/Usuario.java</file>
            <file>file:/C:/ORT/Semestre%203/Algoritmos/Obl-AED-ago25/src/dominio/Bicicleta.java</file>
            <file>file:/C:/ORT/Semestre%203/Algoritmos/Obl-AED-ago25/src/tads/ILista.java</file>
        </group>
    </open-files>
</project-private>
